OID,GeomObj_ID,TAG,x,y,z,ID,Name,TAG,x,y,z,ID,Name,TAG,Samples Start Tag,# Samples, TAG,x,y,z,ID,Name,TAG,x,y,z,ID,Name,TAG,x,y,z,ID,Name,TAG,x,y,z,ID,Name,TAG,x,y,z,ID,Name,TAG,x,y,z,ID,Name,TAG,x,y,z,ID,Name,TAG,x,y,z,ID,Name,TAG,x,y,z,ID,Name,TAG,x,y,z,ID,Name,TAG,
Line_00000,1,SRCPT,624.56152344, 410.58032227, 0.00000000,10,Line_1_SrcPt_0,SRCPT,-421.80413818, -55.40551758, 0.00000000,11,Line_1_SrcPt_1,SRCPT,ST_SMPLPT,10,SMPLPT,624.56152344, 410.58032227, 0.00000000,10,Line_1_Smpl_0000,SMPLPT,-421.80413818, -55.40551758, 0.00000000,11,Line_1_Smpl_0001,SMPLPT,-354.77136230, -25.55328369, 0.00000000,12,Line_1_Smpl_0002,SMPLPT,-213.70599365, 37.26840210, 0.00000000,13,Line_1_Smpl_0003,SMPLPT,-551.08435059, -112.97882080, 0.00000000,14,Line_1_Smpl_0004,SMPLPT,-146.80200195, 67.06326294, 0.00000000,15,Line_1_Smpl_0005,SMPLPT,921.94531250, 543.01647949, 0.00000000,16,Line_1_Smpl_0006,SMPLPT,-978.29492188, -303.23168945, 0.00000000,17,Line_1_Smpl_0007,SMPLPT,728.38989258, 456.81900024, 0.00000000,18,Line_1_Smpl_0008,SMPLPT,949.86584473, 555.45050049, 0.00000000,19,Line_1_Smpl_0009,SMPLPT,END_SMPLPT,
Line_00001,2,SRCPT,-615.30029297, 52.41198730, 0.00000000,20,Line_2_SrcPt_0,SRCPT,-80.56958008, -355.92660522, 0.00000000,21,Line_2_SrcPt_1,SRCPT,ST_SMPLPT,10,SMPLPT,-615.30029297, 52.41198730, 0.00000000,20,Line_2_Smpl_0000,SMPLPT,-80.56958008, -355.92660522, 0.00000000,21,Line_2_Smpl_0001,SMPLPT,37.17785645, -445.84255981, 0.00000000,22,Line_2_Smpl_0002,SMPLPT,-499.40225220, -36.09172058, 0.00000000,23,Line_2_Smpl_0003,SMPLPT,-391.09967041, -118.79525757, 0.00000000,24,Line_2_Smpl_0004,SMPLPT,-463.40466309, -63.58069611, 0.00000000,25,Line_2_Smpl_0005,SMPLPT,-721.53369141, 133.53546143, 0.00000000,26,Line_2_Smpl_0006,SMPLPT,140.55120850, -524.78204346, 0.00000000,27,Line_2_Smpl_0007,SMPLPT,164.16833496, -542.81683350, 0.00000000,28,Line_2_Smpl_0008,SMPLPT,-427.39630127, -91.07789612, 0.00000000,29,Line_2_Smpl_0009,SMPLPT,END_SMPLPT,
